filename,forgery_type,forged_region,source,label
forged/text_replacement_image-34-_png_jpg.rf.qEuLXAZZQOXcgio2zGPI_000.jpg,text_replacement,"279,200,239,27",image-34-_png_jpg.rf.qEuLXAZZQOXcgio2zGPI.jpg,forged
forged/text_replacement_14-__page-0001_jpg.rf.3oWmP9FqEpWHYhqe7Y2Q_001.jpg,text_replacement,"257,160,108,25",14-__page-0001_jpg.rf.3oWmP9FqEpWHYhqe7Y2Q.jpg,forged
forged/text_replacement_0_4_page-0001_jpg.rf.LQi8KCb2wxCEUD3C7lSC_002.jpg,text_replacement,"129,133,159,41",0_4_page-0001_jpg.rf.LQi8KCb2wxCEUD3C7lSC.jpg,forged
forged/text_replacement_IMG-20240405-WA0019_jpg.rf.sZGqcZOx4MsIIEcMM5Ut_003.jpg,text_replacement,"276,179,243,31",IMG-20240405-WA0019_jpg.rf.sZGqcZOx4MsIIEcMM5Ut.jpg,forged
forged/text_replacement_3_png.rf.CthnogULRIDHBPRj56NC_004.jpg,text_replacement,"208,122,128,39",3_png.rf.CthnogULRIDHBPRj56NC.png,forged
forged/text_replacement_3-1-_page-0001_jpg.rf.GdHyTVnXJxvZv2dJOYJw_005.jpg,text_replacement,"256,141,101,49",3-1-_page-0001_jpg.rf.GdHyTVnXJxvZv2dJOYJw.jpg,forged
forged/text_replacement_27-1-_page-0001_jpg.rf.mCOgmmGW6H9bF9wdzNwN_006.jpg,text_replacement,"312,126,208,35",27-1-_page-0001_jpg.rf.mCOgmmGW6H9bF9wdzNwN.jpg,forged
forged/text_replacement_17-1-_page-0001_jpg.rf.MBmp4a0U6kjHZWFQ8zaR_007.jpg,text_replacement,"177,125,155,49",17-1-_page-0001_jpg.rf.MBmp4a0U6kjHZWFQ8zaR.jpg,forged
forged/text_replacement_image_png_jpg.rf.fbDsplVsStojIsCi7S54_008.jpg,text_replacement,"192,119,123,37",image_png_jpg.rf.fbDsplVsStojIsCi7S54.jpg,forged
forged/text_replacement_13-2-_page-0001_jpg.rf.dJcAkp37r8OVl6Lsbckm_009.jpg,text_replacement,"130,151,188,44",13-2-_page-0001_jpg.rf.dJcAkp37r8OVl6Lsbckm.jpg,forged
forged/copy_move_image-34-_png_jpg.rf.qEuLXAZZQOXcgio2zGPI_000.jpg,copy_move,"345,54,100,100",image-34-_png_jpg.rf.qEuLXAZZQOXcgio2zGPI.jpg,forged
forged/copy_move_14-__page-0001_jpg.rf.3oWmP9FqEpWHYhqe7Y2Q_001.jpg,copy_move,"445,137,100,100",14-__page-0001_jpg.rf.3oWmP9FqEpWHYhqe7Y2Q.jpg,forged
forged/copy_move_0_4_page-0001_jpg.rf.LQi8KCb2wxCEUD3C7lSC_002.jpg,copy_move,"403,90,100,100",0_4_page-0001_jpg.rf.LQi8KCb2wxCEUD3C7lSC.jpg,forged
forged/copy_move_IMG-20240405-WA0019_jpg.rf.sZGqcZOx4MsIIEcMM5Ut_003.jpg,copy_move,"492,310,100,100",IMG-20240405-WA0019_jpg.rf.sZGqcZOx4MsIIEcMM5Ut.jpg,forged
forged/copy_move_3_png.rf.CthnogULRIDHBPRj56NC_004.jpg,copy_move,"290,195,100,100",3_png.rf.CthnogULRIDHBPRj56NC.png,forged
forged/copy_move_3-1-_page-0001_jpg.rf.GdHyTVnXJxvZv2dJOYJw_005.jpg,copy_move,"505,206,100,100",3-1-_page-0001_jpg.rf.GdHyTVnXJxvZv2dJOYJw.jpg,forged
forged/copy_move_27-1-_page-0001_jpg.rf.mCOgmmGW6H9bF9wdzNwN_006.jpg,copy_move,"245,56,100,100",27-1-_page-0001_jpg.rf.mCOgmmGW6H9bF9wdzNwN.jpg,forged
forged/copy_move_17-1-_page-0001_jpg.rf.MBmp4a0U6kjHZWFQ8zaR_007.jpg,copy_move,"326,306,100,100",17-1-_page-0001_jpg.rf.MBmp4a0U6kjHZWFQ8zaR.jpg,forged
forged/copy_move_image_png_jpg.rf.fbDsplVsStojIsCi7S54_008.jpg,copy_move,"250,248,100,100",image_png_jpg.rf.fbDsplVsStojIsCi7S54.jpg,forged
forged/copy_move_13-2-_page-0001_jpg.rf.dJcAkp37r8OVl6Lsbckm_009.jpg,copy_move,"261,399,100,100",13-2-_page-0001_jpg.rf.dJcAkp37r8OVl6Lsbckm.jpg,forged
forged/splicing_image-34-_png_jpg.rf.qEuLXAZZQOXcgio2zGPI_000.jpg,splicing,"485,346,120,120",image-34-_png_jpg.rf.qEuLXAZZQOXcgio2zGPI.jpg,forged
forged/splicing_14-__page-0001_jpg.rf.3oWmP9FqEpWHYhqe7Y2Q_001.jpg,splicing,"341,267,120,120",14-__page-0001_jpg.rf.3oWmP9FqEpWHYhqe7Y2Q.jpg,forged
forged/splicing_0_4_page-0001_jpg.rf.LQi8KCb2wxCEUD3C7lSC_002.jpg,splicing,"509,491,120,120",0_4_page-0001_jpg.rf.LQi8KCb2wxCEUD3C7lSC.jpg,forged
forged/splicing_IMG-20240405-WA0019_jpg.rf.sZGqcZOx4MsIIEcMM5Ut_003.jpg,splicing,"457,510,120,120",IMG-20240405-WA0019_jpg.rf.sZGqcZOx4MsIIEcMM5Ut.jpg,forged
forged/splicing_3_png.rf.CthnogULRIDHBPRj56NC_004.jpg,splicing,"201,173,120,120",3_png.rf.CthnogULRIDHBPRj56NC.png,forged
forged/splicing_3-1-_page-0001_jpg.rf.GdHyTVnXJxvZv2dJOYJw_005.jpg,splicing,"188,277,120,120",3-1-_page-0001_jpg.rf.GdHyTVnXJxvZv2dJOYJw.jpg,forged
forged/splicing_27-1-_page-0001_jpg.rf.mCOgmmGW6H9bF9wdzNwN_006.jpg,splicing,"365,297,120,120",27-1-_page-0001_jpg.rf.mCOgmmGW6H9bF9wdzNwN.jpg,forged
forged/splicing_17-1-_page-0001_jpg.rf.MBmp4a0U6kjHZWFQ8zaR_007.jpg,splicing,"450,321,120,120",17-1-_page-0001_jpg.rf.MBmp4a0U6kjHZWFQ8zaR.jpg,forged
forged/splicing_image_png_jpg.rf.fbDsplVsStojIsCi7S54_008.jpg,splicing,"362,489,120,120",image_png_jpg.rf.fbDsplVsStojIsCi7S54.jpg,forged
forged/splicing_13-2-_page-0001_jpg.rf.dJcAkp37r8OVl6Lsbckm_009.jpg,splicing,"295,231,120,120",13-2-_page-0001_jpg.rf.dJcAkp37r8OVl6Lsbckm.jpg,forged
forged/double_compression_image-34-_png_jpg.rf.qEuLXAZZQOXcgio2zGPI_000.jpg,double_compression,,image-34-_png_jpg.rf.qEuLXAZZQOXcgio2zGPI.jpg,forged
forged/double_compression_14-__page-0001_jpg.rf.3oWmP9FqEpWHYhqe7Y2Q_001.jpg,double_compression,,14-__page-0001_jpg.rf.3oWmP9FqEpWHYhqe7Y2Q.jpg,forged
forged/double_compression_0_4_page-0001_jpg.rf.LQi8KCb2wxCEUD3C7lSC_002.jpg,double_compression,,0_4_page-0001_jpg.rf.LQi8KCb2wxCEUD3C7lSC.jpg,forged
forged/double_compression_IMG-20240405-WA0019_jpg.rf.sZGqcZOx4MsIIEcMM5Ut_003.jpg,double_compression,,IMG-20240405-WA0019_jpg.rf.sZGqcZOx4MsIIEcMM5Ut.jpg,forged
forged/double_compression_3_png.rf.CthnogULRIDHBPRj56NC_004.jpg,double_compression,,3_png.rf.CthnogULRIDHBPRj56NC.png,forged
forged/double_compression_3-1-_page-0001_jpg.rf.GdHyTVnXJxvZv2dJOYJw_005.jpg,double_compression,,3-1-_page-0001_jpg.rf.GdHyTVnXJxvZv2dJOYJw.jpg,forged
forged/double_compression_27-1-_page-0001_jpg.rf.mCOgmmGW6H9bF9wdzNwN_006.jpg,double_compression,,27-1-_page-0001_jpg.rf.mCOgmmGW6H9bF9wdzNwN.jpg,forged
forged/double_compression_17-1-_page-0001_jpg.rf.MBmp4a0U6kjHZWFQ8zaR_007.jpg,double_compression,,17-1-_page-0001_jpg.rf.MBmp4a0U6kjHZWFQ8zaR.jpg,forged
forged/double_compression_image_png_jpg.rf.fbDsplVsStojIsCi7S54_008.jpg,double_compression,,image_png_jpg.rf.fbDsplVsStojIsCi7S54.jpg,forged
forged/double_compression_13-2-_page-0001_jpg.rf.dJcAkp37r8OVl6Lsbckm_009.jpg,double_compression,,13-2-_page-0001_jpg.rf.dJcAkp37r8OVl6Lsbckm.jpg,forged
forged/triple_compression_image-34-_png_jpg.rf.qEuLXAZZQOXcgio2zGPI_000.jpg,triple_compression,,image-34-_png_jpg.rf.qEuLXAZZQOXcgio2zGPI.jpg,forged
forged/triple_compression_14-__page-0001_jpg.rf.3oWmP9FqEpWHYhqe7Y2Q_001.jpg,triple_compression,,14-__page-0001_jpg.rf.3oWmP9FqEpWHYhqe7Y2Q.jpg,forged
forged/triple_compression_0_4_page-0001_jpg.rf.LQi8KCb2wxCEUD3C7lSC_002.jpg,triple_compression,,0_4_page-0001_jpg.rf.LQi8KCb2wxCEUD3C7lSC.jpg,forged
forged/triple_compression_IMG-20240405-WA0019_jpg.rf.sZGqcZOx4MsIIEcMM5Ut_003.jpg,triple_compression,,IMG-20240405-WA0019_jpg.rf.sZGqcZOx4MsIIEcMM5Ut.jpg,forged
forged/triple_compression_3_png.rf.CthnogULRIDHBPRj56NC_004.jpg,triple_compression,,3_png.rf.CthnogULRIDHBPRj56NC.png,forged
forged/triple_compression_3-1-_page-0001_jpg.rf.GdHyTVnXJxvZv2dJOYJw_005.jpg,triple_compression,,3-1-_page-0001_jpg.rf.GdHyTVnXJxvZv2dJOYJw.jpg,forged
forged/triple_compression_27-1-_page-0001_jpg.rf.mCOgmmGW6H9bF9wdzNwN_006.jpg,triple_compression,,27-1-_page-0001_jpg.rf.mCOgmmGW6H9bF9wdzNwN.jpg,forged
forged/triple_compression_17-1-_page-0001_jpg.rf.MBmp4a0U6kjHZWFQ8zaR_007.jpg,triple_compression,,17-1-_page-0001_jpg.rf.MBmp4a0U6kjHZWFQ8zaR.jpg,forged
forged/triple_compression_image_png_jpg.rf.fbDsplVsStojIsCi7S54_008.jpg,triple_compression,,image_png_jpg.rf.fbDsplVsStojIsCi7S54.jpg,forged
forged/triple_compression_13-2-_page-0001_jpg.rf.dJcAkp37r8OVl6Lsbckm_009.jpg,triple_compression,,13-2-_page-0001_jpg.rf.dJcAkp37r8OVl6Lsbckm.jpg,forged
forged/noise_injection_image-34-_png_jpg.rf.qEuLXAZZQOXcgio2zGPI_000.jpg,noise_injection,"136,391,200,200",image-34-_png_jpg.rf.qEuLXAZZQOXcgio2zGPI.jpg,forged
forged/noise_injection_14-__page-0001_jpg.rf.3oWmP9FqEpWHYhqe7Y2Q_001.jpg,noise_injection,"297,285,200,200",14-__page-0001_jpg.rf.3oWmP9FqEpWHYhqe7Y2Q.jpg,forged
forged/noise_injection_0_4_page-0001_jpg.rf.LQi8KCb2wxCEUD3C7lSC_002.jpg,noise_injection,"144,392,200,200",0_4_page-0001_jpg.rf.LQi8KCb2wxCEUD3C7lSC.jpg,forged
forged/noise_injection_IMG-20240405-WA0019_jpg.rf.sZGqcZOx4MsIIEcMM5Ut_003.jpg,noise_injection,"448,607,200,200",IMG-20240405-WA0019_jpg.rf.sZGqcZOx4MsIIEcMM5Ut.jpg,forged
forged/noise_injection_3_png.rf.CthnogULRIDHBPRj56NC_004.jpg,noise_injection,"112,102,200,200",3_png.rf.CthnogULRIDHBPRj56NC.png,forged
forged/noise_injection_3-1-_page-0001_jpg.rf.GdHyTVnXJxvZv2dJOYJw_005.jpg,noise_injection,"122,80,200,200",3-1-_page-0001_jpg.rf.GdHyTVnXJxvZv2dJOYJw.jpg,forged
forged/noise_injection_27-1-_page-0001_jpg.rf.mCOgmmGW6H9bF9wdzNwN_006.jpg,noise_injection,"270,262,200,200",27-1-_page-0001_jpg.rf.mCOgmmGW6H9bF9wdzNwN.jpg,forged
forged/noise_injection_17-1-_page-0001_jpg.rf.MBmp4a0U6kjHZWFQ8zaR_007.jpg,noise_injection,"56,396,200,200",17-1-_page-0001_jpg.rf.MBmp4a0U6kjHZWFQ8zaR.jpg,forged
forged/noise_injection_image_png_jpg.rf.fbDsplVsStojIsCi7S54_008.jpg,noise_injection,"34,66,200,200",image_png_jpg.rf.fbDsplVsStojIsCi7S54.jpg,forged
forged/noise_injection_13-2-_page-0001_jpg.rf.dJcAkp37r8OVl6Lsbckm_009.jpg,noise_injection,"88,331,200,200",13-2-_page-0001_jpg.rf.dJcAkp37r8OVl6Lsbckm.jpg,forged
forged/brightness_manipulation_image-34-_png_jpg.rf.qEuLXAZZQOXcgio2zGPI_000.jpg,brightness_manipulation,"358,442,140,80",image-34-_png_jpg.rf.qEuLXAZZQOXcgio2zGPI.jpg,forged
forged/brightness_manipulation_14-__page-0001_jpg.rf.3oWmP9FqEpWHYhqe7Y2Q_001.jpg,brightness_manipulation,"205,489,116,54",14-__page-0001_jpg.rf.3oWmP9FqEpWHYhqe7Y2Q.jpg,forged
forged/brightness_manipulation_0_4_page-0001_jpg.rf.LQi8KCb2wxCEUD3C7lSC_002.jpg,brightness_manipulation,"293,21,235,46",0_4_page-0001_jpg.rf.LQi8KCb2wxCEUD3C7lSC.jpg,forged
forged/brightness_manipulation_IMG-20240405-WA0019_jpg.rf.sZGqcZOx4MsIIEcMM5Ut_003.jpg,brightness_manipulation,"559,778,129,73",IMG-20240405-WA0019_jpg.rf.sZGqcZOx4MsIIEcMM5Ut.jpg,forged
forged/brightness_manipulation_3_png.rf.CthnogULRIDHBPRj56NC_004.jpg,brightness_manipulation,"184,67,134,79",3_png.rf.CthnogULRIDHBPRj56NC.png,forged
forged/brightness_manipulation_3-1-_page-0001_jpg.rf.GdHyTVnXJxvZv2dJOYJw_005.jpg,brightness_manipulation,"90,474,175,57",3-1-_page-0001_jpg.rf.GdHyTVnXJxvZv2dJOYJw.jpg,forged
forged/brightness_manipulation_27-1-_page-0001_jpg.rf.mCOgmmGW6H9bF9wdzNwN_006.jpg,brightness_manipulation,"279,522,100,76",27-1-_page-0001_jpg.rf.mCOgmmGW6H9bF9wdzNwN.jpg,forged
forged/brightness_manipulation_17-1-_page-0001_jpg.rf.MBmp4a0U6kjHZWFQ8zaR_007.jpg,brightness_manipulation,"477,118,145,62",17-1-_page-0001_jpg.rf.MBmp4a0U6kjHZWFQ8zaR.jpg,forged
forged/brightness_manipulation_image_png_jpg.rf.fbDsplVsStojIsCi7S54_008.jpg,brightness_manipulation,"269,213,176,70",image_png_jpg.rf.fbDsplVsStojIsCi7S54.jpg,forged
forged/brightness_manipulation_13-2-_page-0001_jpg.rf.dJcAkp37r8OVl6Lsbckm_009.jpg,brightness_manipulation,"400,175,139,53",13-2-_page-0001_jpg.rf.dJcAkp37r8OVl6Lsbckm.jpg,forged
forged/blur_attack_image-34-_png_jpg.rf.qEuLXAZZQOXcgio2zGPI_000.jpg,blur_attack,"286,408,150,150",image-34-_png_jpg.rf.qEuLXAZZQOXcgio2zGPI.jpg,forged
forged/blur_attack_14-__page-0001_jpg.rf.3oWmP9FqEpWHYhqe7Y2Q_001.jpg,blur_attack,"281,480,150,150",14-__page-0001_jpg.rf.3oWmP9FqEpWHYhqe7Y2Q.jpg,forged
forged/blur_attack_0_4_page-0001_jpg.rf.LQi8KCb2wxCEUD3C7lSC_002.jpg,blur_attack,"10,316,150,150",0_4_page-0001_jpg.rf.LQi8KCb2wxCEUD3C7lSC.jpg,forged
forged/blur_attack_IMG-20240405-WA0019_jpg.rf.sZGqcZOx4MsIIEcMM5Ut_003.jpg,blur_attack,"341,510,150,150",IMG-20240405-WA0019_jpg.rf.sZGqcZOx4MsIIEcMM5Ut.jpg,forged
forged/blur_attack_3_png.rf.CthnogULRIDHBPRj56NC_004.jpg,blur_attack,"19,67,138,138",3_png.rf.CthnogULRIDHBPRj56NC.png,forged
forged/blur_attack_3-1-_page-0001_jpg.rf.GdHyTVnXJxvZv2dJOYJw_005.jpg,blur_attack,"195,459,150,150",3-1-_page-0001_jpg.rf.GdHyTVnXJxvZv2dJOYJw.jpg,forged
forged/blur_attack_27-1-_page-0001_jpg.rf.mCOgmmGW6H9bF9wdzNwN_006.jpg,blur_attack,"435,423,150,150",27-1-_page-0001_jpg.rf.mCOgmmGW6H9bF9wdzNwN.jpg,forged
forged/blur_attack_17-1-_page-0001_jpg.rf.MBmp4a0U6kjHZWFQ8zaR_007.jpg,blur_attack,"167,132,150,150",17-1-_page-0001_jpg.rf.MBmp4a0U6kjHZWFQ8zaR.jpg,forged
forged/blur_attack_image_png_jpg.rf.fbDsplVsStojIsCi7S54_008.jpg,blur_attack,"39,133,150,150",image_png_jpg.rf.fbDsplVsStojIsCi7S54.jpg,forged
forged/blur_attack_13-2-_page-0001_jpg.rf.dJcAkp37r8OVl6Lsbckm_009.jpg,blur_attack,"459,300,150,150",13-2-_page-0001_jpg.rf.dJcAkp37r8OVl6Lsbckm.jpg,forged
forged/metadata_strip_image-34-_png_jpg.rf.qEuLXAZZQOXcgio2zGPI_000.jpg,metadata_strip,,image-34-_png_jpg.rf.qEuLXAZZQOXcgio2zGPI.jpg,forged
forged/metadata_strip_14-__page-0001_jpg.rf.3oWmP9FqEpWHYhqe7Y2Q_001.jpg,metadata_strip,,14-__page-0001_jpg.rf.3oWmP9FqEpWHYhqe7Y2Q.jpg,forged
forged/metadata_strip_0_4_page-0001_jpg.rf.LQi8KCb2wxCEUD3C7lSC_002.jpg,metadata_strip,,0_4_page-0001_jpg.rf.LQi8KCb2wxCEUD3C7lSC.jpg,forged
forged/metadata_strip_IMG-20240405-WA0019_jpg.rf.sZGqcZOx4MsIIEcMM5Ut_003.jpg,metadata_strip,,IMG-20240405-WA0019_jpg.rf.sZGqcZOx4MsIIEcMM5Ut.jpg,forged
forged/metadata_strip_3_png.rf.CthnogULRIDHBPRj56NC_004.jpg,metadata_strip,,3_png.rf.CthnogULRIDHBPRj56NC.png,forged
forged/metadata_strip_3-1-_page-0001_jpg.rf.GdHyTVnXJxvZv2dJOYJw_005.jpg,metadata_strip,,3-1-_page-0001_jpg.rf.GdHyTVnXJxvZv2dJOYJw.jpg,forged
forged/metadata_strip_27-1-_page-0001_jpg.rf.mCOgmmGW6H9bF9wdzNwN_006.jpg,metadata_strip,,27-1-_page-0001_jpg.rf.mCOgmmGW6H9bF9wdzNwN.jpg,forged
forged/metadata_strip_17-1-_page-0001_jpg.rf.MBmp4a0U6kjHZWFQ8zaR_007.jpg,metadata_strip,,17-1-_page-0001_jpg.rf.MBmp4a0U6kjHZWFQ8zaR.jpg,forged
forged/metadata_strip_image_png_jpg.rf.fbDsplVsStojIsCi7S54_008.jpg,metadata_strip,,image_png_jpg.rf.fbDsplVsStojIsCi7S54.jpg,forged
forged/metadata_strip_13-2-_page-0001_jpg.rf.dJcAkp37r8OVl6Lsbckm_009.jpg,metadata_strip,,13-2-_page-0001_jpg.rf.dJcAkp37r8OVl6Lsbckm.jpg,forged
forged/resolution_mismatch_image-34-_png_jpg.rf.qEuLXAZZQOXcgio2zGPI_000.jpg,resolution_mismatch,"50,53,200,200",image-34-_png_jpg.rf.qEuLXAZZQOXcgio2zGPI.jpg,forged
forged/resolution_mismatch_14-__page-0001_jpg.rf.3oWmP9FqEpWHYhqe7Y2Q_001.jpg,resolution_mismatch,"384,258,200,200",14-__page-0001_jpg.rf.3oWmP9FqEpWHYhqe7Y2Q.jpg,forged
forged/resolution_mismatch_0_4_page-0001_jpg.rf.LQi8KCb2wxCEUD3C7lSC_002.jpg,resolution_mismatch,"427,45,200,200",0_4_page-0001_jpg.rf.LQi8KCb2wxCEUD3C7lSC.jpg,forged
forged/resolution_mismatch_IMG-20240405-WA0019_jpg.rf.sZGqcZOx4MsIIEcMM5Ut_003.jpg,resolution_mismatch,"138,141,200,200",IMG-20240405-WA0019_jpg.rf.sZGqcZOx4MsIIEcMM5Ut.jpg,forged
forged/resolution_mismatch_3_png.rf.CthnogULRIDHBPRj56NC_004.jpg,resolution_mismatch,"253,94,138,138",3_png.rf.CthnogULRIDHBPRj56NC.png,forged
forged/resolution_mismatch_3-1-_page-0001_jpg.rf.GdHyTVnXJxvZv2dJOYJw_005.jpg,resolution_mismatch,"145,280,200,200",3-1-_page-0001_jpg.rf.GdHyTVnXJxvZv2dJOYJw.jpg,forged
forged/resolution_mismatch_27-1-_page-0001_jpg.rf.mCOgmmGW6H9bF9wdzNwN_006.jpg,resolution_mismatch,"320,226,200,200",27-1-_page-0001_jpg.rf.mCOgmmGW6H9bF9wdzNwN.jpg,forged
forged/resolution_mismatch_17-1-_page-0001_jpg.rf.MBmp4a0U6kjHZWFQ8zaR_007.jpg,resolution_mismatch,"118,286,200,200",17-1-_page-0001_jpg.rf.MBmp4a0U6kjHZWFQ8zaR.jpg,forged
forged/resolution_mismatch_image_png_jpg.rf.fbDsplVsStojIsCi7S54_008.jpg,resolution_mismatch,"396,383,200,200",image_png_jpg.rf.fbDsplVsStojIsCi7S54.jpg,forged
forged/resolution_mismatch_13-2-_page-0001_jpg.rf.dJcAkp37r8OVl6Lsbckm_009.jpg,resolution_mismatch,"363,112,200,200",13-2-_page-0001_jpg.rf.dJcAkp37r8OVl6Lsbckm.jpg,forged
